STAT_ID,JOSA_NM,DEPT_PHONE,DEPT_NM,ORG_ID_BASE,TBL_ID_BASE
2012013,「경제심리지수」,02-759-5650,한국은행  경제통계1국 경제심리조사팀,301,DT_513Y001
2003008,「국제투자대조표(IIP)」,02-759-4525,한국은행 경제통계1국 국외투자통계팀,301,DT_311Y001
2003008,「국제투자대조표(IIP)」,02-759-4525,한국은행 경제통계1국 국외투자통계팀,301,DT_311Y002
2003008,「국제투자대조표(IIP)」,02-759-4525,한국은행 경제통계1국 국외투자통계팀,301,DT_311Y003
2001022,「금융기관대출행태조사」,02-750-6879,한국은행  금융안정국 은행분석팀,301,DT_514Y003
2001022,「금융기관대출행태조사」,02-750-6879,한국은행  금융안정국 은행분석팀,301,DT_514Y001
2001022,「금융기관대출행태조사」,02-750-6879,한국은행  금융안정국 은행분석팀,301,DT_514Y002
1966004,「기업경영분석」,02-759-4270,한국은행 경제통계1국 한국은행 기업통계팀,301,DT_501Y005
1966004,「기업경영분석」,02-759-4270,한국은행 경제통계1국 한국은행 기업통계팀,301,DT_501Y019
1966004,「기업경영분석」,02-759-4270,한국은행 경제통계1국 한국은행 기업통계팀,301,DT_501Y006
1966004,「기업경영분석」,02-759-4270,한국은행 경제통계1국 한국은행 기업통계팀,301,DT_501Y024
1966004,「기업경영분석」,02-759-4270,한국은행 경제통계1국 한국은행 기업통계팀,301,DT_501Y007
1966004,「기업경영분석」,02-759-4270,한국은행 경제통계1국 한국은행 기업통계팀,301,DT_501Y029
1966004,「기업경영분석」,02-759-4270,한국은행 경제통계1국 한국은행 기업통계팀,301,DT_501Y008
1966004,「기업경영분석」,02-759-4270,한국은행 경제통계1국 한국은행 기업통계팀,301,DT_501Y034
1966004,「기업경영분석」,02-759-4270,한국은행 경제통계1국 한국은행 기업통계팀,301,DT_501Y009
1966004,「기업경영분석」,02-759-4270,한국은행 경제통계1국 한국은행 기업통계팀,301,DT_501Y039
1966004,「기업경영분석」,02-759-4270,한국은행 경제통계1국 한국은행 기업통계팀,301,DT_501Y086
1966004,「기업경영분석」,02-759-4270,한국은행 경제통계1국 한국은행 기업통계팀,301,DT_501Y001
1966004,「기업경영분석」,02-759-4270,한국은행 경제통계1국 한국은행 기업통계팀,301,DT_501Y049
1966004,「기업경영분석」,02-759-4270,한국은행 경제통계1국 한국은행 기업통계팀,301,DT_501Y002
1966004,「기업경영분석」,02-759-4270,한국은행 경제통계1국 한국은행 기업통계팀,301,DT_501Y056
1966004,「기업경영분석」,02-759-4270,한국은행 경제통계1국 한국은행 기업통계팀,301,DT_501Y003
1966004,「기업경영분석」,02-759-4270,한국은행 경제통계1국 한국은행 기업통계팀,301,DT_501Y063
1966004,「기업경영분석」,02-759-4270,한국은행 경제통계1국 한국은행 기업통계팀,301,DT_501Y004
1966004,「기업경영분석」,02-759-4270,한국은행 경제통계1국 한국은행 기업통계팀,301,DT_501Y068
1966004,「기업경영분석」,02-759-4270,한국은행 경제통계1국 한국은행 기업통계팀,301,DT_501Y010
1966004,「기업경영분석」,02-759-4270,한국은행 경제통계1국 한국은행 기업통계팀,301,DT_501Y073
1966004,「기업경영분석」,02-759-4270,한국은행 경제통계1국 한국은행 기업통계팀,301,DT_501Y013
1966004,「기업경영분석」,02-759-4270,한국은행 경제통계1국 한국은행 기업통계팀,301,DT_501Y014
1966004,「기업경영분석」,02-759-4270,한국은행 경제통계1국 한국은행 기업통계팀,301,DT_501Y015
2003033,「대외채무및대외채권」,02-759-4525,한국은행  경제통계국 국외투자통계팀,301,DT_311Y005
2003033,「대외채무및대외채권」,02-759-4525,한국은행  경제통계국 국외투자통계팀,301,DT_311Y004
2003033,「대외채무및대외채권」,02-759-4525,한국은행  경제통계국 국외투자통계팀,301,DT_311Y006
1966003,「생산자물가조사」,02-759-4437,한국은행  한국은행 물가통계팀,301,DT_405Y006
1966003,「생산자물가조사」,02-759-4437,한국은행  한국은행 물가통계팀,301,DT_404Y014
1966003,「생산자물가조사」,02-759-4437,한국은행  한국은행 물가통계팀,301,DT_404Y015
1966003,「생산자물가조사」,02-759-4437,한국은행  한국은행 물가통계팀,301,DT_404Y016
1966003,「생산자물가조사」,02-759-4437,한국은행  한국은행 물가통계팀,301,DT_404Y017
1966003,「생산자물가조사」,02-759-4437,한국은행  한국은행 물가통계팀,301,DT_405Y007
1998023,「소비자동향조사」,02-759-5678,한국은행 경제통계1국 경제심리조사팀,301,DT_511Y003
1998023,「소비자동향조사」,02-759-5678,한국은행 경제통계1국 경제심리조사팀,301,DT_511Y001
1998023,「소비자동향조사」,02-759-5678,한국은행 경제통계1국 경제심리조사팀,301,DT_511Y002
1998023,「소비자동향조사」,02-759-5678,한국은행 경제통계1국 경제심리조사팀,301,DT_511Y004
2006012,「지급결제통계」,02-750-6548,한국은행 금융결제국 한국은행 결제인프라안정팀,301,DT_605Y012
2006012,「지급결제통계」,02-750-6548,한국은행 금융결제국 한국은행 결제인프라안정팀,301,DT_601Y003
2006012,「지급결제통계」,02-750-6548,한국은행 금융결제국 한국은행 결제인프라안정팀,301,DT_801Y002
2006012,「지급결제통계」,02-750-6548,한국은행 금융결제국 한국은행 결제인프라안정팀,301,DT_604Y003
2006012,「지급결제통계」,02-750-6548,한국은행 금융결제국 한국은행 결제인프라안정팀,301,DT_801Y003
2006012,「지급결제통계」,02-750-6548,한국은행 금융결제국 한국은행 결제인프라안정팀,301,DT_606Y002
1976018,「국제수지통계」,02-759-4417,한국은행  한국은행 국제수지팀,301,DT_301Y017
1976018,「국제수지통계」,02-759-4417,한국은행  한국은행 국제수지팀,301,DT_301Y013
1976018,「국제수지통계」,02-759-4417,한국은행  한국은행 국제수지팀,301,DT_301Y014
1976018,「국제수지통계」,02-759-4417,한국은행  한국은행 국제수지팀,301,DT_301Y015
1976018,「국제수지통계」,02-759-4417,한국은행  한국은행 국제수지팀,301,DT_301Y016
1991004,「기업경기조사」,02-759-5650,한국은행  경제통계1국 경제심리조사팀,301,DT_512Y013
1991004,「기업경기조사」,02-759-5650,한국은행  경제통계1국 경제심리조사팀,301,DT_512Y014
1991004,「기업경기조사」,02-759-5650,한국은행  경제통계1국 경제심리조사팀,301,DT_512Y015
1991004,「기업경기조사」,02-759-5650,한국은행  경제통계1국 경제심리조사팀,301,DT_512Y016
1991004,「기업경기조사」,02-759-5650,한국은행  경제통계1국 경제심리조사팀,301,DT_512Y017
1991004,「기업경기조사」,02-759-5650,한국은행  경제통계1국 경제심리조사팀,301,DT_512Y018
1991004,「기업경기조사」,02-759-5650,한국은행  경제통계1국 경제심리조사팀,301,DT_512Y007
1991004,「기업경기조사」,02-759-5650,한국은행  경제통계1국 경제심리조사팀,301,DT_512Y008
1991004,「기업경기조사」,02-759-5650,한국은행  경제통계1국 경제심리조사팀,301,DT_512Y001
1991004,「기업경기조사」,02-759-5650,한국은행  경제통계1국 경제심리조사팀,301,DT_512Y002
1991004,「기업경기조사」,02-759-5650,한국은행  경제통계1국 경제심리조사팀,301,DT_512Y021
1991004,「기업경기조사」,02-759-5650,한국은행  경제통계1국 경제심리조사팀,301,DT_512Y019
1991004,「기업경기조사」,02-759-5650,한국은행  경제통계1국 경제심리조사팀,301,DT_512Y020
1991004,「기업경기조사」,02-759-5650,한국은행  경제통계1국 경제심리조사팀,301,DT_512Y011
1991004,「기업경기조사」,02-759-5650,한국은행  경제통계1국 경제심리조사팀,301,DT_512Y012
1966004,「기업경영분석」,02-759-4270,한국은행 경제통계1국 한국은행 기업통계팀,301,DT_501Y020
1966004,「기업경영분석」,02-759-4270,한국은행 경제통계1국 한국은행 기업통계팀,301,DT_501Y025
1966004,「기업경영분석」,02-759-4270,한국은행 경제통계1국 한국은행 기업통계팀,301,DT_501Y030
1966004,「기업경영분석」,02-759-4270,한국은행 경제통계1국 한국은행 기업통계팀,301,DT_501Y035
1966004,「기업경영분석」,02-759-4270,한국은행 경제통계1국 한국은행 기업통계팀,301,DT_501Y074
1966004,「기업경영분석」,02-759-4270,한국은행 경제통계1국 한국은행 기업통계팀,301,DT_501Y050
1966004,「기업경영분석」,02-759-4270,한국은행 경제통계1국 한국은행 기업통계팀,301,DT_501Y057
1966004,「기업경영분석」,02-759-4270,한국은행 경제통계1국 한국은행 기업통계팀,301,DT_501Y064
1966004,「기업경영분석」,02-759-4270,한국은행 경제통계1국 한국은행 기업통계팀,301,DT_501Y069
1966004,「기업경영분석」,02-759-4270,한국은행 경제통계1국 한국은행 기업통계팀,301,DT_501Y040
1966004,「기업경영분석」,02-759-4270,한국은행 경제통계1국 한국은행 기업통계팀,301,DT_501Y017
1966004,「기업경영분석」,02-759-4270,한국은행 경제통계1국 한국은행 기업통계팀,301,DT_501Y021
1966004,「기업경영분석」,02-759-4270,한국은행 경제통계1국 한국은행 기업통계팀,301,DT_501Y026
1966004,「기업경영분석」,02-759-4270,한국은행 경제통계1국 한국은행 기업통계팀,301,DT_501Y031
1966004,「기업경영분석」,02-759-4270,한국은행 경제통계1국 한국은행 기업통계팀,301,DT_501Y036
1966004,「기업경영분석」,02-759-4270,한국은행 경제통계1국 한국은행 기업통계팀,301,DT_501Y041
1966004,「기업경영분석」,02-759-4270,한국은행 경제통계1국 한국은행 기업통계팀,301,DT_501Y075
1966004,「기업경영분석」,02-759-4270,한국은행 경제통계1국 한국은행 기업통계팀,301,DT_501Y051
1966004,「기업경영분석」,02-759-4270,한국은행 경제통계1국 한국은행 기업통계팀,301,DT_501Y058
1966004,「기업경영분석」,02-759-4270,한국은행 경제통계1국 한국은행 기업통계팀,301,DT_501Y065
1966004,「기업경영분석」,02-759-4270,한국은행 경제통계1국 한국은행 기업통계팀,301,DT_501Y070
1966004,「기업경영분석」,02-759-4270,한국은행 경제통계1국 한국은행 기업통계팀,301,DT_501Y079
1966004,「기업경영분석」,02-759-4270,한국은행 경제통계1국 한국은행 기업통계팀,301,DT_501Y081
1966004,「기업경영분석」,02-759-4270,한국은행 경제통계1국 한국은행 기업통계팀,301,DT_501Y083
1966004,「기업경영분석」,02-759-4270,한국은행 경제통계1국 한국은행 기업통계팀,301,DT_501Y018
1966004,「기업경영분석」,02-759-4270,한국은행 경제통계1국 한국은행 기업통계팀,301,DT_501Y078
1966004,「기업경영분석」,02-759-4270,한국은행 경제통계1국 한국은행 기업통계팀,301,DT_501Y077
1966004,「기업경영분석」,02-759-4270,한국은행 경제통계1국 한국은행 기업통계팀,301,DT_501Y076
1966004,「기업경영분석」,02-759-4270,한국은행 경제통계1국 한국은행 기업통계팀,301,DT_501Y044
1966004,「기업경영분석」,02-759-4270,한국은행 경제통계1국 한국은행 기업통계팀,301,DT_501Y043
1966004,「기업경영분석」,02-759-4270,한국은행 경제통계1국 한국은행 기업통계팀,301,DT_501Y042
1966004,「기업경영분석」,02-759-4270,한국은행 경제통계1국 한국은행 기업통계팀,301,DT_501Y023
1966004,「기업경영분석」,02-759-4270,한국은행 경제통계1국 한국은행 기업통계팀,301,DT_501Y022
1966004,「기업경영분석」,02-759-4270,한국은행 경제통계1국 한국은행 기업통계팀,301,DT_501Y028
1966004,「기업경영분석」,02-759-4270,한국은행 경제통계1국 한국은행 기업통계팀,301,DT_501Y027
1966004,「기업경영분석」,02-759-4270,한국은행 경제통계1국 한국은행 기업통계팀,301,DT_501Y062
1966004,「기업경영분석」,02-759-4270,한국은행 경제통계1국 한국은행 기업통계팀,301,DT_501Y061
1966004,「기업경영분석」,02-759-4270,한국은행 경제통계1국 한국은행 기업통계팀,301,DT_501Y059
1966004,「기업경영분석」,02-759-4270,한국은행 경제통계1국 한국은행 기업통계팀,301,DT_501Y072
1966004,「기업경영분석」,02-759-4270,한국은행 경제통계1국 한국은행 기업통계팀,301,DT_501Y071
1966004,「기업경영분석」,02-759-4270,한국은행 경제통계1국 한국은행 기업통계팀,301,DT_501Y033
1966004,「기업경영분석」,02-759-4270,한국은행 경제통계1국 한국은행 기업통계팀,301,DT_501Y032
1966004,「기업경영분석」,02-759-4270,한국은행 경제통계1국 한국은행 기업통계팀,301,DT_501Y038
1966004,「기업경영분석」,02-759-4270,한국은행 경제통계1국 한국은행 기업통계팀,301,DT_501Y037
1966004,「기업경영분석」,02-759-4270,한국은행 경제통계1국 한국은행 기업통계팀,301,DT_501Y055
1966004,「기업경영분석」,02-759-4270,한국은행 경제통계1국 한국은행 기업통계팀,301,DT_501Y054
1966004,「기업경영분석」,02-759-4270,한국은행 경제통계1국 한국은행 기업통계팀,301,DT_501Y052
1966004,「기업경영분석」,02-759-4270,한국은행 경제통계1국 한국은행 기업통계팀,301,DT_501Y067
1966004,「기업경영분석」,02-759-4270,한국은행 경제통계1국 한국은행 기업통계팀,301,DT_501Y066
1966004,「기업경영분석」,02-759-4270,한국은행 경제통계1국 한국은행 기업통계팀,301,DT_501Y082
1966004,「기업경영분석」,02-759-4270,한국은행 경제통계1국 한국은행 기업통계팀,301,DT_501Y084
1966004,「기업경영분석」,02-759-4270,한국은행 경제통계1국 한국은행 기업통계팀,301,DT_501Y080
1966004,「기업경영분석」,02-759-4270,한국은행 경제통계1국 한국은행 기업통계팀,301,DT_501Y053
1966004,「기업경영분석」,02-759-4270,한국은행 경제통계1국 한국은행 기업통계팀,301,DT_501Y060
1976001,「수출입물가조사」,02-759-4346,한국은행 경제통계1국 물가통계팀 수출입물가지수,301,DT_401Y015
1976001,「수출입물가조사」,02-759-4346,한국은행 경제통계1국 물가통계팀 수출입물가지수,301,DT_401Y018
1976001,「수출입물가조사」,02-759-4346,한국은행 경제통계1국 물가통계팀 수출입물가지수,301,DT_401Y016
1976001,「수출입물가조사」,02-759-4346,한국은행 경제통계1국 물가통계팀 수출입물가지수,301,DT_401Y017
1976001,「수출입물가조사」,02-759-4346,한국은행 경제통계1국 물가통계팀 수출입물가지수,301,DT_402Y014
1976001,「수출입물가조사」,02-759-4346,한국은행 경제통계1국 물가통계팀 수출입물가지수,301,DT_402Y015
1976001,「수출입물가조사」,02-759-4346,한국은행 경제통계1국 물가통계팀 수출입물가지수,301,DT_402Y016
1976001,「수출입물가조사」,02-759-4346,한국은행 경제통계1국 물가통계팀 수출입물가지수,301,DT_403Y005
1976001,「수출입물가조사」,02-759-4346,한국은행 경제통계1국 물가통계팀 수출입물가지수,301,DT_403Y003
1976001,「수출입물가조사」,02-759-4346,한국은행 경제통계1국 물가통계팀 수출입물가지수,301,DT_403Y004
1976001,「수출입물가조사」,02-759-4346,한국은행 경제통계1국 물가통계팀 수출입물가지수,301,DT_403Y001
1976001,「수출입물가조사」,02-759-4346,한국은행 경제통계1국 물가통계팀 수출입물가지수,301,DT_403Y002
1976023,「자금순환표」,02-759-4423,한국은행  경제통계1국 자금순환팀,301,DT_281Y001
1976023,「자금순환표」,02-759-4423,한국은행  경제통계1국 자금순환팀,301,DT_281Y002
1976023,「자금순환표」,02-759-4423,한국은행  경제통계1국 자금순환팀,301,DT_281Y006
1976023,「자금순환표」,02-759-4423,한국은행  경제통계1국 자금순환팀,301,DT_281Y007
1976023,「자금순환표」,02-759-4423,한국은행  경제통계1국 자금순환팀,301,DT_281Y004
1976023,「자금순환표」,02-759-4423,한국은행  경제통계1국 자금순환팀,301,DT_281Y005
2006012,「지급결제통계」,02-750-6548,한국은행 금융결제국 한국은행 결제인프라안정팀,301,DT_633Y003
2006012,「지급결제통계」,02-750-6548,한국은행 금융결제국 한국은행 결제인프라안정팀,301,DT_633Y004
2006012,「지급결제통계」,02-750-6548,한국은행 금융결제국 한국은행 결제인프라안정팀,301,DT_633Y005
2006012,「지급결제통계」,02-750-6548,한국은행 금융결제국 한국은행 결제인프라안정팀,301,DT_633Y002
2006012,「지급결제통계」,02-750-6548,한국은행 금융결제국 한국은행 결제인프라안정팀,301,DT_633Y006
2006012,「지급결제통계」,02-750-6548,한국은행 금융결제국 한국은행 결제인프라안정팀,301,DT_602Y001
2006012,「지급결제통계」,02-750-6548,한국은행 금융결제국 한국은행 결제인프라안정팀,301,DT_602Y002
2006012,「지급결제통계」,02-750-6548,한국은행 금융결제국 한국은행 결제인프라안정팀,301,DT_603Y010
2006012,「지급결제통계」,02-750-6548,한국은행 금융결제국 한국은행 결제인프라안정팀,301,DT_603Y001
1976015,「통화금융통계」,02-759-4376,한국은행 경제통계1 금융통계,301,DT_641Y001
1976015,「통화금융통계」,02-759-4376,한국은행 경제통계1 금융통계,301,DT_103Y002
1976017,「국민계정」,02-759-4383,한국은행  경제통계국 국외투자통계팀,301,DT_200Y101
1976017,「국민계정」,02-759-4383,한국은행  경제통계국 국외투자통계팀,301,DT_200Y102
1976017,「국민계정」,02-759-4383,한국은행  경제통계국 국외투자통계팀,301,DT_200Y103
1976017,「국민계정」,02-759-4383,한국은행  경제통계국 국외투자통계팀,301,DT_200Y104
1976017,「국민계정」,02-759-4383,한국은행  경제통계국 국외투자통계팀,301,DT_200Y105
1976017,「국민계정」,02-759-4383,한국은행  경제통계국 국외투자통계팀,301,DT_200Y106
1976017,「국민계정」,02-759-4383,한국은행  경제통계국 국외투자통계팀,301,DT_200Y107
1976017,「국민계정」,02-759-4383,한국은행  경제통계국 국외투자통계팀,301,DT_200Y108
1976017,「국민계정」,02-759-4383,한국은행  경제통계국 국외투자통계팀,301,DT_200Y109
1976017,「국민계정」,02-759-4383,한국은행  경제통계국 국외투자통계팀,301,DT_200Y110
1976017,「국민계정」,02-759-4383,한국은행  경제통계국 국외투자통계팀,301,DT_200Y160
1976017,「국민계정」,02-759-4383,한국은행  경제통계국 국외투자통계팀,301,DT_200Y161
1976017,「국민계정」,02-759-4383,한국은행  경제통계국 국외투자통계팀,301,DT_200Y111
1976017,「국민계정」,02-759-4383,한국은행  경제통계국 국외투자통계팀,301,DT_200Y112
1976017,「국민계정」,02-759-4383,한국은행  경제통계국 국외투자통계팀,301,DT_200Y113
1976017,「국민계정」,02-759-4383,한국은행  경제통계국 국외투자통계팀,301,DT_200Y114
1976017,「국민계정」,02-759-4383,한국은행  경제통계국 국외투자통계팀,301,DT_200Y115
1976017,「국민계정」,02-759-4383,한국은행  경제통계국 국외투자통계팀,301,DT_200Y116
1976017,「국민계정」,02-759-4383,한국은행  경제통계국 국외투자통계팀,301,DT_200Y117
1976017,「국민계정」,02-759-4383,한국은행  경제통계국 국외투자통계팀,301,DT_200Y118
1976017,「국민계정」,02-759-4383,한국은행  경제통계국 국외투자통계팀,301,DT_200Y119
1976017,「국민계정」,02-759-4383,한국은행  경제통계국 국외투자통계팀,301,DT_200Y120
1976017,「국민계정」,02-759-4383,한국은행  경제통계국 국외투자통계팀,301,DT_200Y121
1976017,「국민계정」,02-759-4383,한국은행  경제통계국 국외투자통계팀,301,DT_200Y162
1976017,「국민계정」,02-759-4383,한국은행  경제통계국 국외투자통계팀,301,DT_200Y122
1976017,「국민계정」,02-759-4383,한국은행  경제통계국 국외투자통계팀,301,DT_200Y123
1976017,「국민계정」,02-759-4383,한국은행  경제통계국 국외투자통계팀,301,DT_200Y124
1976017,「국민계정」,02-759-4383,한국은행  경제통계국 국외투자통계팀,301,DT_200Y125
1976017,「국민계정」,02-759-4383,한국은행  경제통계국 국외투자통계팀,301,DT_200Y126
1976017,「국민계정」,02-759-4383,한국은행  경제통계국 국외투자통계팀,301,DT_200Y127
1976017,「국민계정」,02-759-4383,한국은행  경제통계국 국외투자통계팀,301,DT_200Y128
1976017,「국민계정」,02-759-4383,한국은행  경제통계국 국외투자통계팀,301,DT_200Y129
1976017,「국민계정」,02-759-4383,한국은행  경제통계국 국외투자통계팀,301,DT_200Y130
1976017,「국민계정」,02-759-4383,한국은행  경제통계국 국외투자통계팀,301,DT_200Y131
1976017,「국민계정」,02-759-4383,한국은행  경제통계국 국외투자통계팀,301,DT_200Y132
1976017,「국민계정」,02-759-4383,한국은행  경제통계국 국외투자통계팀,301,DT_200Y133
1976017,「국민계정」,02-759-4383,한국은행  경제통계국 국외투자통계팀,301,DT_200Y134
1976017,「국민계정」,02-759-4383,한국은행  경제통계국 국외투자통계팀,301,DT_200Y135
1976017,「국민계정」,02-759-4383,한국은행  경제통계국 국외투자통계팀,301,DT_200Y136
1976017,「국민계정」,02-759-4383,한국은행  경제통계국 국외투자통계팀,301,DT_200Y137
1976017,「국민계정」,02-759-4383,한국은행  경제통계국 국외투자통계팀,301,DT_200Y138
1976017,「국민계정」,02-759-4383,한국은행  경제통계국 국외투자통계팀,301,DT_200Y139
1976017,「국민계정」,02-759-4383,한국은행  경제통계국 국외투자통계팀,301,DT_200Y140
1976017,「국민계정」,02-759-4383,한국은행  경제통계국 국외투자통계팀,301,DT_200Y141
1976017,「국민계정」,02-759-4383,한국은행  경제통계국 국외투자통계팀,301,DT_200Y142
1976017,「국민계정」,02-759-4383,한국은행  경제통계국 국외투자통계팀,301,DT_200Y143
1976017,「국민계정」,02-759-4383,한국은행  경제통계국 국외투자통계팀,301,DT_200Y144
1976017,「국민계정」,02-759-4383,한국은행  경제통계국 국외투자통계팀,301,DT_200Y145
1976017,「국민계정」,02-759-4383,한국은행  경제통계국 국외투자통계팀,301,DT_200Y146
1976017,「국민계정」,02-759-4383,한국은행  경제통계국 국외투자통계팀,301,DT_200Y147
1976017,「국민계정」,02-759-4383,한국은행  경제통계국 국외투자통계팀,301,DT_200Y148
1976017,「국민계정」,02-759-4383,한국은행  경제통계국 국외투자통계팀,301,DT_200Y149
1976017,「국민계정」,02-759-4383,한국은행  경제통계국 국외투자통계팀,301,DT_200Y151
1976017,「국민계정」,02-759-4383,한국은행  경제통계국 국외투자통계팀,301,DT_200Y152
1976017,「국민계정」,02-759-4383,한국은행  경제통계국 국외투자통계팀,301,DT_200Y153
1976017,「국민계정」,02-759-4383,한국은행  경제통계국 국외투자통계팀,301,DT_200Y154
1976017,「국민계정」,02-759-4383,한국은행  경제통계국 국외투자통계팀,301,DT_200Y155
1976017,「국민계정」,02-759-4383,한국은행  경제통계국 국외투자통계팀,301,DT_200Y156
1976017,「국민계정」,02-759-4383,한국은행  경제통계국 국외투자통계팀,301,DT_200Y157
1976017,「국민계정」,02-759-4383,한국은행  경제통계국 국외투자통계팀,301,DT_200Y158
1976018,「국제수지통계」,02-759-4417,한국은행  한국은행 국제수지팀,301,DT_303Y001
1976018,「국제수지통계」,02-759-4417,한국은행  한국은행 국제수지팀,301,DT_303Y002
1976018,「국제수지통계」,02-759-4417,한국은행  한국은행 국제수지팀,301,DT_303Y003
1976018,「국제수지통계」,02-759-4417,한국은행  한국은행 국제수지팀,301,DT_303Y004
1976018,「국제수지통계」,02-759-4417,한국은행  한국은행 국제수지팀,301,DT_303Y005
1976018,「국제수지통계」,02-759-4417,한국은행  한국은행 국제수지팀,301,DT_303Y006
1976023,「자금순환표」,02-759-4423,한국은행  경제통계1국 자금순환팀,301,DT_282Y001
1976023,「자금순환표」,02-759-4423,한국은행  경제통계1국 자금순환팀,301,DT_282Y002
1976023,「자금순환표」,02-759-4423,한국은행  경제통계1국 자금순환팀,301,DT_282Y003
1976023,「자금순환표」,02-759-4423,한국은행  경제통계1국 자금순환팀,301,DT_282Y004
1976023,「자금순환표」,02-759-4423,한국은행  경제통계1국 자금순환팀,301,DT_282Y005
1976023,「자금순환표」,02-759-4423,한국은행  경제통계1국 자금순환팀,301,DT_282Y006
1976023,「자금순환표」,02-759-4423,한국은행  경제통계1국 자금순환팀,301,DT_284Y001
1976023,「자금순환표」,02-759-4423,한국은행  경제통계1국 자금순환팀,301,DT_284Y002
1976015,「통화금융통계」,02-759-4376,한국은행 경제통계1 금융통계,301,DT_161Y017
1976015,「통화금융통계」,02-759-4376,한국은행 경제통계1 금융통계,301,DT_161Y015
1976015,「통화금융통계」,02-759-4376,한국은행 경제통계1 금융통계,301,DT_161Y016
1976015,「통화금융통계」,02-759-4376,한국은행 경제통계1 금융통계,301,DT_172Y001
1976015,「통화금융통계」,02-759-4376,한국은행 경제통계1 금융통계,301,DT_172Y002
1976015,「통화금융통계」,02-759-4376,한국은행 경제통계1 금융통계,301,DT_104Y009
1976015,「통화금융통계」,02-759-4376,한국은행 경제통계1 금융통계,301,DT_104Y015
1976015,「통화금융통계」,02-759-4376,한국은행 경제통계1 금융통계,301,DT_104Y008
1976015,「통화금융통계」,02-759-4376,한국은행 경제통계1 금융통계,301,DT_104Y010
1976015,「통화금융통계」,02-759-4376,한국은행 경제통계1 금융통계,301,DT_141Y004
1976015,「통화금융통계」,02-759-4376,한국은행 경제통계1 금융통계,301,DT_141Y003
1976015,「통화금융통계」,02-759-4376,한국은행 경제통계1 금융통계,301,DT_141Y002
1976015,「통화금융통계」,02-759-4376,한국은행 경제통계1 금융통계,301,DT_104Y013
1976015,「통화금융통계」,02-759-4376,한국은행 경제통계1 금융통계,301,DT_104Y014
1976015,「통화금융통계」,02-759-4376,한국은행 경제통계1 금융통계,301,DT_104Y016
1976015,「통화금융통계」,02-759-4376,한국은행 경제통계1 금융통계,301,DT_111Y007
1976015,「통화금융통계」,02-759-4376,한국은행 경제통계1 금융통계,301,DT_111Y008
1976015,「통화금융통계」,02-759-4376,한국은행 경제통계1 금융통계,301,DT_111Y009
1976015,「통화금융통계」,02-759-4376,한국은행 경제통계1 금융통계,301,DT_151Y001
1976015,「통화금융통계」,02-759-4376,한국은행 경제통계1 금융통계,301,DT_151Y004
1976015,「통화금융통계」,02-759-4376,한국은행 경제통계1 금융통계,301,DT_151Y006
1976015,「통화금융통계」,02-759-4376,한국은행 경제통계1 금융통계,301,DT_151Y003
1976015,「통화금융통계」,02-759-4376,한국은행 경제통계1 금융통계,301,DT_151Y002
1976015,「통화금융통계」,02-759-4376,한국은행 경제통계1 금융통계,301,DT_151Y005
1976015,「통화금융통계」,02-759-4376,한국은행 경제통계1 금융통계,301,DT_181Y001
1976015,「통화금융통계」,02-759-4376,한국은행 경제통계1 금융통계,301,DT_181Y011
1976015,「통화금융통계」,02-759-4376,한국은행 경제통계1 금융통계,301,DT_181Y002
1976015,「통화금융통계」,02-759-4376,한국은행 경제통계1 금융통계,301,DT_181Y012
1976015,「통화금융통계」,02-759-4376,한국은행 경제통계1 금융통계,301,DT_181Y013
1976015,「통화금융통계」,02-759-4376,한국은행 경제통계1 금융통계,301,DT_181Y015
1976015,「통화금융통계」,02-759-4376,한국은행 경제통계1 금융통계,301,DT_181Y016
1976015,「통화금융통계」,02-759-4376,한국은행 경제통계1 금융통계,301,DT_181Y014
1976015,「통화금융통계」,02-759-4376,한국은행 경제통계1 금융통계,301,DT_121Y008
1976015,「통화금융통계」,02-759-4376,한국은행 경제통계1 금융통계,301,DT_121Y010
1976015,「통화금융통계」,02-759-4376,한국은행 경제통계1 금융통계,301,DT_121Y011
1976015,「통화금융통계」,02-759-4376,한국은행 경제통계1 금융통계,301,DT_121Y007
1976015,「통화금융통계」,02-759-4376,한국은행 경제통계1 금융통계,301,DT_121Y004
1976018,「국제수지통계」,02-759-4417,한국은행  한국은행 국제수지팀,301,DT_304Y101
1976018,「국제수지통계」,02-759-4417,한국은행  한국은행 국제수지팀,301,DT_304Y102
1976018,「국제수지통계」,02-759-4417,한국은행  한국은행 국제수지팀,301,DT_304Y103
1976018,「국제수지통계」,02-759-4417,한국은행  한국은행 국제수지팀,301,DT_304Y104
1976018,「국제수지통계」,02-759-4417,한국은행  한국은행 국제수지팀,301,DT_304Y105
1976018,「국제수지통계」,02-759-4417,한국은행  한국은행 국제수지팀,301,DT_304Y106
1976018,「국제수지통계」,02-759-4417,한국은행  한국은행 국제수지팀,301,DT_304Y107
1976015,「통화금융통계」,02-759-4376,한국은행 경제통계1 금융통계,301,DT_102Y003
1976015,「통화금융통계」,02-759-4376,한국은행 경제통계1 금융통계,301,DT_102Y001
1976015,「통화금융통계」,02-759-4376,한국은행 경제통계1 금융통계,301,DT_102Y004
1976015,「통화금융통계」,02-759-4376,한국은행 경제통계1 금융통계,301,DT_102Y002
1976015,「통화금융통계」,02-759-4376,한국은행 경제통계1 금융통계,301,DT_161Y003
1976015,「통화금융통계」,02-759-4376,한국은행 경제통계1 금융통계,301,DT_161Y004
1976015,「통화금융통계」,02-759-4376,한국은행 경제통계1 금융통계,301,DT_161Y001
1976015,「통화금융통계」,02-759-4376,한국은행 경제통계1 금융통계,301,DT_161Y002
1976015,「통화금융통계」,02-759-4376,한국은행 경제통계1 금융통계,301,DT_161Y007
1976015,「통화금융통계」,02-759-4376,한국은행 경제통계1 금융통계,301,DT_161Y008
1976015,「통화금융통계」,02-759-4376,한국은행 경제통계1 금융통계,301,DT_161Y005
1976015,「통화금융통계」,02-759-4376,한국은행 경제통계1 금융통계,301,DT_161Y006
1976015,「통화금융통계」,02-759-4376,한국은행 경제통계1 금융통계,301,DT_161Y011
1976015,「통화금융통계」,02-759-4376,한국은행 경제통계1 금융통계,301,DT_161Y012
1976015,「통화금융통계」,02-759-4376,한국은행 경제통계1 금융통계,301,DT_161Y009
1976015,「통화금융통계」,02-759-4376,한국은행 경제통계1 금융통계,301,DT_161Y010
1976015,「통화금융통계」,02-759-4376,한국은행 경제통계1 금융통계,301,DT_161Y014
1976015,「통화금융통계」,02-759-4376,한국은행 경제통계1 금융통계,301,DT_161Y013
1976015,「통화금융통계」,02-759-4376,한국은행 경제통계1 금융통계,301,DT_171Y001
1976015,「통화금융통계」,02-759-4376,한국은행 경제통계1 금융통계,301,DT_171Y002
1976015,「통화금융통계」,02-759-4376,한국은행 경제통계1 금융통계,301,DT_171Y003
1976015,「통화금융통계」,02-759-4376,한국은행 경제통계1 금융통계,301,DT_171Y004
1976015,「통화금융통계」,02-759-4376,한국은행 경제통계1 금융통계,301,DT_101Y011
1976015,「통화금융통계」,02-759-4376,한국은행 경제통계1 금융통계,301,DT_101Y009
1976015,「통화금융통계」,02-759-4376,한국은행 경제통계1 금융통계,301,DT_101Y010
1976015,「통화금융통계」,02-759-4376,한국은행 경제통계1 금융통계,301,DT_112Y001
1976015,「통화금융통계」,02-759-4376,한국은행 경제통계1 금융통계,301,DT_112Y002
1976015,「통화금융통계」,02-759-4376,한국은행 경제통계1 금융통계,301,DT_131Y017
1976015,「통화금융통계」,02-759-4376,한국은행 경제통계1 금융통계,301,DT_131Y016
1976015,「통화금융통계」,02-759-4376,한국은행 경제통계1 금융통계,301,DT_131Y018
1976015,「통화금융통계」,02-759-4376,한국은행 경제통계1 금융통계,301,DT_131Y010
1976015,「통화금융통계」,02-759-4376,한국은행 경제통계1 금융통계,301,DT_131Y011
1976015,「통화금융통계」,02-759-4376,한국은행 경제통계1 금융통계,301,DT_131Y013
1976015,「통화금융통계」,02-759-4376,한국은행 경제통계1 금융통계,301,DT_132Y003
1976015,「통화금융통계」,02-759-4376,한국은행 경제통계1 금융통계,301,DT_132Y001
1976015,「통화금융통계」,02-759-4376,한국은행 경제통계1 금융통계,301,DT_131Y015
1976015,「통화금융통계」,02-759-4376,한국은행 경제통계1 금융통계,301,DT_131Y014
1976015,「통화금융통계」,02-759-4376,한국은행 경제통계1 금융통계,301,DT_141Y010
1976015,「통화금융통계」,02-759-4376,한국은행 경제통계1 금융통계,301,DT_141Y006
1976015,「통화금융통계」,02-759-4376,한국은행 경제통계1 금융통계,301,DT_141Y007
1976015,「통화금융통계」,02-759-4376,한국은행 경제통계1 금융통계,301,DT_141Y008
1976015,「통화금융통계」,02-759-4376,한국은행 경제통계1 금융통계,301,DT_141Y009
1976015,「통화금융통계」,02-759-4376,한국은행 경제통계1 금융통계,301,DT_105Y001
1976015,「통화금융통계」,02-759-4376,한국은행 경제통계1 금융통계,301,DT_104Y017
1976015,「통화금융통계」,02-759-4376,한국은행 경제통계1 금융통계,301,DT_181Y003
1976015,「통화금융통계」,02-759-4376,한국은행 경제통계1 금융통계,301,DT_181Y005
1976015,「통화금융통계」,02-759-4376,한국은행 경제통계1 금융통계,301,DT_181Y007
1976015,「통화금융통계」,02-759-4376,한국은행 경제통계1 금융통계,301,DT_181Y009
1976015,「통화금융통계」,02-759-4376,한국은행 경제통계1 금융통계,301,DT_181Y004
1976015,「통화금융통계」,02-759-4376,한국은행 경제통계1 금융통계,301,DT_181Y006
1976015,「통화금융통계」,02-759-4376,한국은행 경제통계1 금융통계,301,DT_181Y008
1976015,「통화금융통계」,02-759-4376,한국은행 경제통계1 금융통계,301,DT_181Y010
1976015,「통화금융통계」,02-759-4376,한국은행 경제통계1 금융통계,301,DT_121Y002
1976015,「통화금융통계」,02-759-4376,한국은행 경제통계1 금융통계,301,DT_121Y013
1976015,「통화금융통계」,02-759-4376,한국은행 경제통계1 금융통계,301,DT_121Y006
1976015,「통화금융통계」,02-759-4376,한국은행 경제통계1 금융통계,301,DT_121Y015
1976015,「통화금융통계」,02-759-4376,한국은행 경제통계1 금융통계,301,DT_102Y103
1976015,「통화금융통계」,02-759-4376,한국은행 경제통계1 금융통계,301,DT_102Y101
1976015,「통화금융통계」,02-759-4376,한국은행 경제통계1 금융통계,301,DT_102Y104
1976015,「통화금융통계」,02-759-4376,한국은행 경제통계1 금융통계,301,DT_102Y102
1976015,「통화금융통계」,02-759-4376,한국은행 경제통계1 금융통계,301,DT_101Y016
1976015,「통화금융통계」,02-759-4376,한국은행 경제통계1 금융통계,301,DT_101Y017
1976015,「통화금융통계」,02-759-4376,한국은행 경제통계1 금융통계,301,DT_101Y018
1976015,「통화금융통계」,02-759-4376,한국은행 경제통계1 금융통계,301,DT_101Y019
1976015,「통화금융통계」,02-759-4376,한국은행 경제통계1 금융통계,301,DT_101Y001
1976015,「통화금융통계」,02-759-4376,한국은행 경제통계1 금융통계,301,DT_101Y002
1976015,「통화금융통계」,02-759-4376,한국은행 경제통계1 금융통계,301,DT_101Y003
1976015,「통화금융통계」,02-759-4376,한국은행 경제통계1 금융통계,301,DT_101Y004
1976015,「통화금융통계」,02-759-4376,한국은행 경제통계1 금융통계,301,DT_101Y005
1976015,「통화금융통계」,02-759-4376,한국은행 경제통계1 금융통계,301,DT_101Y014
1976015,「통화금융통계」,02-759-4376,한국은행 경제통계1 금융통계,301,DT_101Y006
1976015,「통화금융통계」,02-759-4376,한국은행 경제통계1 금융통계,301,DT_101Y015
1976015,「통화금융통계」,02-759-4376,한국은행 경제통계1 금융통계,301,DT_101Y007
1976015,「통화금융통계」,02-759-4376,한국은행 경제통계1 금융통계,301,DT_101Y008
1976015,「통화금융통계」,02-759-4376,한국은행 경제통계1 금융통계,301,DT_111Y001
1976015,「통화금융통계」,02-759-4376,한국은행 경제통계1 금융통계,301,DT_111Y002
1976015,「통화금융통계」,02-759-4376,한국은행 경제통계1 금융통계,301,DT_111Y003
1976015,「통화금융통계」,02-759-4376,한국은행 경제통계1 금융통계,301,DT_111Y004
