PRD_SE,STRT_PRD_DE,END_PRD_DE,ORG_ID_BASE,TBL_ID_BASE
월,2003.01,2026.08,301,DT_513Y001
분기,1994 4/4,2026 2/4,301,DT_311Y001
년,1994,2025,301,DT_311Y001
년,2002,2025,301,DT_311Y002
년,2002,2025,301,DT_311Y003
분기,2002 1/4,2026 3/4,301,DT_514Y003
분기,2002 1/4,2026 3/4,301,DT_514Y001
분기,2002 1/4,2026 3/4,301,DT_514Y002
년,2010,2024,301,DT_501Y005
년,2015,2016,301,DT_501Y019
년,2009,2024,301,DT_501Y006
년,2015,2016,301,DT_501Y024
년,2009,2024,301,DT_501Y007
년,2015,2016,301,DT_501Y029
년,2009,2024,301,DT_501Y008
년,2015,2016,301,DT_501Y034
년,2009,2024,301,DT_501Y009
년,2015,2016,301,DT_501Y039
년,2013,2024,301,DT_501Y086
년,2009,2024,301,DT_501Y001
년,2015,2016,301,DT_501Y049
년,2009,2024,301,DT_501Y002
년,2015,2016,301,DT_501Y056
년,2009,2024,301,DT_501Y003
년,2015,2016,301,DT_501Y063
년,2009,2024,301,DT_501Y004
년,2015,2016,301,DT_501Y068
년,2009,2024,301,DT_501Y010
년,2015,2016,301,DT_501Y073
년,2011,2024,301,DT_501Y013
년,2011,2024,301,DT_501Y014
년,2011,2024,301,DT_501Y015
분기,1994 4/4,2026 2/4,301,DT_311Y005
년,1994,2025,301,DT_311Y005
분기,1994 4/4,2026 2/4,301,DT_311Y004
년,1994,2025,301,DT_311Y004
분기,1994 4/4,2026 2/4,301,DT_311Y006
년,1994,2025,301,DT_311Y006
월,1980.01,2026.07,301,DT_405Y006
분기,1980 1/4,2026 2/4,301,DT_405Y006
년,1980,2025,301,DT_405Y006
월,1965.01,2026.07,301,DT_404Y014
분기,1965 1/4,2026 2/4,301,DT_404Y014
년,1965,2025,301,DT_404Y014
월,1965.01,2026.07,301,DT_404Y015
분기,1965 1/4,2026 2/4,301,DT_404Y015
년,1965,2025,301,DT_404Y015
월,1965.01,2026.07,301,DT_404Y016
분기,1965 1/4,2026 2/4,301,DT_404Y016
년,1965,2025,301,DT_404Y016
월,1910.07,1964.12,301,DT_404Y017
분기,1910 3/4,1964 4/4,301,DT_404Y017
년,1910,1964,301,DT_404Y017
월,2010.01,2026.07,301,DT_405Y007
분기,2010 1/4,2026 2/4,301,DT_405Y007
년,2010,2025,301,DT_405Y007
월,2002.02,2026.08,301,DT_511Y003
분기,1995 3/4,2008 2/4,301,DT_511Y001
월,2008.07,2026.08,301,DT_511Y002
월,2008.07,2026.08,301,DT_511Y004
월,1990.01,2026.07,301,DT_605Y012
분기,1990 1/4,2026 2/4,301,DT_605Y012
년,1988,2025,301,DT_605Y012
월,2003.01,2026.06,301,DT_601Y003
분기,1997 1/4,2026 2/4,301,DT_601Y003
년,1997,2025,301,DT_601Y003
월,1960.01,2026.07,301,DT_801Y002
분기,1960 1/4,2025 4/4,301,DT_801Y002
년,1960,2025,301,DT_801Y002
월,1990.01,2026.07,301,DT_604Y003
분기,1990 1/4,2026 2/4,301,DT_604Y003
년,1988,2021,301,DT_604Y003
월,1997.01,2026.07,301,DT_801Y003
분기,1999 4/4,2023 4/4,301,DT_801Y003
년,2009,2025,301,DT_801Y003
월,1995.01,2026.08,301,DT_606Y002
분기,1995 1/4,2026 2/4,301,DT_606Y002
년,1994,2025,301,DT_606Y002
월,1980.01,2026.07,301,DT_301Y017
월,1980.01,2026.07,301,DT_301Y013
분기,1980 1/4,2026 2/4,301,DT_301Y013
년,1980,2025,301,DT_301Y013
월,2006.01,2026.07,301,DT_301Y014
분기,2006 1/4,2026 2/4,301,DT_301Y014
년,2006,2025,301,DT_301Y014
년,1998,2025,301,DT_301Y015
년,2006,2025,301,DT_301Y016
월,2003.01,2026.08,301,DT_512Y013
월,2003.02,2026.09,301,DT_512Y014
월,2009.08,2026.08,301,DT_512Y015
월,2009.09,2026.09,301,DT_512Y016
월,2003.01,2012.06,301,DT_512Y017
월,2003.02,2012.07,301,DT_512Y018
월,2009.08,2026.08,301,DT_512Y007
월,2009.09,2026.09,301,DT_512Y008
월,2003.01,2009.07,301,DT_512Y001
분기,1991 3/4,2002 4/4,301,DT_512Y001
월,2003.02,2009.08,301,DT_512Y002
분기,1991 3/4,2003 1/4,301,DT_512Y002
월,2003.01,2026.08,301,DT_512Y021
월,2013.01,2026.08,301,DT_512Y019
월,2013.02,2026.09,301,DT_512Y020
월,2003.01,2012.12,301,DT_512Y011
월,2003.01,2013.01,301,DT_512Y012
년,2009,2014,301,DT_501Y020
년,2009,2014,301,DT_501Y025
년,2009,2014,301,DT_501Y030
년,2009,2014,301,DT_501Y035
년,2009,2014,301,DT_501Y074
년,2009,2014,301,DT_501Y050
년,2009,2014,301,DT_501Y057
년,2009,2014,301,DT_501Y064
년,2009,2014,301,DT_501Y069
년,2009,2014,301,DT_501Y040
년,2007,2010,301,DT_501Y017
년,2007,2010,301,DT_501Y021
년,2007,2010,301,DT_501Y026
년,2007,2010,301,DT_501Y031
년,2007,2010,301,DT_501Y036
년,2007,2010,301,DT_501Y041
년,2007,2010,301,DT_501Y075
년,2008,2010,301,DT_501Y051
년,2008,2010,301,DT_501Y058
년,2008,2010,301,DT_501Y065
년,2007,2010,301,DT_501Y070
년,2007,2011,301,DT_501Y079
년,2007,2011,301,DT_501Y081
년,2007,2011,301,DT_501Y083
년,1960,2007,301,DT_501Y018
년,1990,1997,301,DT_501Y078
년,1998,2006,301,DT_501Y077
년,2002,2007,301,DT_501Y076
년,1990,1997,301,DT_501Y044
년,1998,2006,301,DT_501Y043
년,2002,2007,301,DT_501Y042
년,1990,1997,301,DT_501Y023
년,1998,2008,301,DT_501Y022
년,1990,1997,301,DT_501Y028
년,1998,2007,301,DT_501Y027
년,1990,1996,301,DT_501Y062
년,1997,1998,301,DT_501Y061
년,2000,2007,301,DT_501Y059
년,1990,1999,301,DT_501Y072
년,2000,2007,301,DT_501Y071
년,1990,1997,301,DT_501Y033
년,1998,2007,301,DT_501Y032
년,1990,1997,301,DT_501Y038
년,1998,2007,301,DT_501Y037
년,1990,1996,301,DT_501Y055
년,1997,1998,301,DT_501Y054
년,2000,2007,301,DT_501Y052
년,1990,1999,301,DT_501Y067
년,2000,2007,301,DT_501Y066
년,1994,2007,301,DT_501Y082
년,1998,2007,301,DT_501Y084
년,1994,2007,301,DT_501Y080
년,1999,1999,301,DT_501Y053
년,1999,1999,301,DT_501Y060
월,1971.01,2026.07,301,DT_401Y015
분기,1971 1/4,2026 2/4,301,DT_401Y015
년,1971,2025,301,DT_401Y015
월,1971.01,2026.07,301,DT_401Y018
분기,1971 1/4,2026 2/4,301,DT_401Y018
년,1971,2025,301,DT_401Y018
월,1971.01,2026.07,301,DT_401Y016
분기,1971 1/4,2026 2/4,301,DT_401Y016
년,1971,2025,301,DT_401Y016
월,1971.01,2026.07,301,DT_401Y017
분기,1971 1/4,2026 2/4,301,DT_401Y017
년,1971,2025,301,DT_401Y017
월,1971.01,2026.07,301,DT_402Y014
분기,1971 1/4,2026 2/4,301,DT_402Y014
년,1971,2025,301,DT_402Y014
월,1971.01,2026.07,301,DT_402Y015
분기,1971 1/4,2026 2/4,301,DT_402Y015
년,1971,2025,301,DT_402Y015
월,1971.01,2026.07,301,DT_402Y016
분기,1971 1/4,2026 2/4,301,DT_402Y016
년,1971,2025,301,DT_402Y016
월,1988.01,2026.07,301,DT_403Y005
분기,1988 1/4,2026 2/4,301,DT_403Y005
년,1988,2025,301,DT_403Y005
월,1988.01,2026.07,301,DT_403Y003
분기,1988 1/4,2026 2/4,301,DT_403Y003
년,1988,2025,301,DT_403Y003
월,1988.01,2026.07,301,DT_403Y004
분기,1988 1/4,2026 2/4,301,DT_403Y004
년,1988,2025,301,DT_403Y004
월,1988.01,2026.07,301,DT_403Y001
분기,1988 1/4,2026 2/4,301,DT_403Y001
년,1988,2025,301,DT_403Y001
월,1988.01,2026.07,301,DT_403Y002
분기,1988 1/4,2026 2/4,301,DT_403Y002
년,1988,2025,301,DT_403Y002
분기,2009 1/4,2026 1/4,301,DT_281Y001
년,2009,2025,301,DT_281Y001
분기,2008 4/4,2026 1/4,301,DT_281Y002
년,2008,2025,301,DT_281Y002
분기,2003 1/4,2013 4/4,301,DT_281Y006
년,2003,2013,301,DT_281Y006
분기,2002 4/4,2013 4/4,301,DT_281Y007
년,2002,2013,301,DT_281Y007
분기,1975 1/4,2005 4/4,301,DT_281Y004
년,1975,2005,301,DT_281Y004
분기,1975 1/4,2005 4/4,301,DT_281Y005
년,1975,2005,301,DT_281Y005
분기,2008 1/4,2026 1/4,301,DT_633Y003
분기,2008 1/4,2026 1/4,301,DT_633Y004
분기,2008 1/4,2026 1/4,301,DT_633Y005
분기,2008 1/4,2026 1/4,301,DT_633Y002
분기,2013 1/4,2026 1/4,301,DT_633Y006
월,1991.01,2026.07,301,DT_602Y001
분기,1991 1/4,2026 2/4,301,DT_602Y001
년,1991,2025,301,DT_602Y001
월,1991.01,2026.06,301,DT_602Y002
분기,1991 1/4,2026 2/4,301,DT_602Y002
년,1991,2025,301,DT_602Y002
월,2000.01,2026.08,301,DT_603Y010
분기,2000 1/4,2026 2/4,301,DT_603Y010
년,2000,2025,301,DT_603Y010
월,2003.01,2026.08,301,DT_603Y001
분기,2003 1/4,2026 2/4,301,DT_603Y001
년,2003,2025,301,DT_603Y001
월,1971.01,2026.08,301,DT_641Y001
분기,1971 1/4,2026 2/4,301,DT_641Y001
년,1971,2025,301,DT_641Y001
월,1970.01,2026.06,301,DT_103Y002
분기,1970 1/4,2026 2/4,301,DT_103Y002
년,1961,2025,301,DT_103Y002
년,1953,2025,301,DT_200Y101
분기,1960 1/4,2026 2/4,301,DT_200Y102
분기,1960 1/4,2026 2/4,301,DT_200Y103
분기,1960 1/4,2026 2/4,301,DT_200Y104
분기,1960 1/4,2026 2/4,301,DT_200Y105
년,1953,2025,301,DT_200Y105
분기,1960 1/4,2026 2/4,301,DT_200Y106
년,1953,2025,301,DT_200Y106
분기,1960 1/4,2026 2/4,301,DT_200Y107
분기,1960 1/4,2026 2/4,301,DT_200Y108
분기,1960 1/4,2026 2/4,301,DT_200Y109
년,1953,2025,301,DT_200Y109
분기,1960 1/4,2026 2/4,301,DT_200Y110
년,1953,2025,301,DT_200Y110
분기,2010 1/4,2026 2/4,301,DT_200Y160
분기,2010 1/4,2026 2/4,301,DT_200Y161
년,1970,2025,301,DT_200Y161
분기,1960 1/4,2026 2/4,301,DT_200Y111
년,1953,2025,301,DT_200Y111
분기,1960 1/4,2026 2/4,301,DT_200Y112
년,1953,2025,301,DT_200Y112
년,1970,2025,301,DT_200Y113
년,1970,2024,301,DT_200Y114
년,1970,2025,301,DT_200Y115
년,1970,2025,301,DT_200Y116
년,1970,2025,301,DT_200Y117
년,1970,2025,301,DT_200Y118
년,1970,2025,301,DT_200Y119
년,2000,2024,301,DT_200Y120
년,1975,2025,301,DT_200Y121
분기,2010 1/4,2025 4/4,301,DT_200Y162
년,1975,2025,301,DT_200Y122
분기,1960 1/4,2026 2/4,301,DT_200Y123
분기,1961 1/4,2026 2/4,301,DT_200Y124
년,1954,2025,301,DT_200Y124
분기,1960 1/4,2026 2/4,301,DT_200Y125
분기,1961 1/4,2026 2/4,301,DT_200Y126
년,1954,2025,301,DT_200Y126
분기,1970 1/4,2026 2/4,301,DT_200Y127
분기,1970 1/4,2026 2/4,301,DT_200Y128
분기,1970 1/4,2026 2/4,301,DT_200Y129
년,1970,2025,301,DT_200Y129
분기,1970 1/4,2026 2/4,301,DT_200Y130
년,1970,2025,301,DT_200Y130
분기,2000 1/4,2026 2/4,301,DT_200Y131
년,1970,2025,301,DT_200Y131
분기,2000 1/4,2026 2/4,301,DT_200Y132
년,1970,2025,301,DT_200Y132
분기,2000 1/4,2026 2/4,301,DT_200Y133
분기,2000 1/4,2026 2/4,301,DT_200Y134
년,1970,2024,301,DT_200Y135
년,1970,2024,301,DT_200Y136
년,2005,2024,301,DT_200Y137
년,2005,2025,301,DT_200Y138
년,2005,2025,301,DT_200Y139
분기,1970 1/4,2026 2/4,301,DT_200Y140
분기,1970 1/4,2026 2/4,301,DT_200Y141
분기,1970 1/4,2026 2/4,301,DT_200Y142
년,1970,2025,301,DT_200Y142
분기,1970 1/4,2026 2/4,301,DT_200Y143
년,1970,2025,301,DT_200Y143
분기,1970 1/4,2026 2/4,301,DT_200Y144
분기,1970 1/4,2026 2/4,301,DT_200Y145
분기,1970 1/4,2026 2/4,301,DT_200Y146
년,1970,2025,301,DT_200Y146
분기,1970 1/4,2026 2/4,301,DT_200Y147
년,1970,2025,301,DT_200Y147
분기,1970 1/4,2026 2/4,301,DT_200Y148
년,1970,2025,301,DT_200Y148
분기,1970 1/4,2026 2/4,301,DT_200Y149
년,1970,2025,301,DT_200Y149
년,1970,2024,301,DT_200Y151
년,1970,2024,301,DT_200Y152
년,1970,2025,301,DT_200Y153
년,2007,2024,301,DT_200Y154
분기,1970 1/4,2026 2/4,301,DT_200Y155
분기,1970 1/4,2026 2/4,301,DT_200Y156
년,1970,2025,301,DT_200Y156
분기,1995 1/4,2026 2/4,301,DT_200Y157
분기,1995 1/4,2026 2/4,301,DT_200Y158
년,1995,2025,301,DT_200Y158
월,1992.01,2025.12,301,DT_303Y001
분기,1992 1/4,2025 4/4,301,DT_303Y001
반기,1992 1/2,2025 2/2,301,DT_303Y001
년,1992,2025,301,DT_303Y001
월,1992.01,2025.12,301,DT_303Y002
분기,1992 1/4,2025 4/4,301,DT_303Y002
반기,1992 1/2,2025 2/2,301,DT_303Y002
년,1992,2025,301,DT_303Y002
월,1992.01,2025.12,301,DT_303Y003
분기,1992 1/4,2025 4/4,301,DT_303Y003
반기,1992 1/2,2025 2/2,301,DT_303Y003
년,1992,2025,301,DT_303Y003
월,1992.01,2025.12,301,DT_303Y004
분기,1992 1/4,2025 4/4,301,DT_303Y004
반기,1992 1/2,2025 2/2,301,DT_303Y004
년,1992,2025,301,DT_303Y004
월,1992.01,2025.12,301,DT_303Y005
분기,1992 1/4,2025 4/4,301,DT_303Y005
반기,1992 1/2,2025 2/2,301,DT_303Y005
년,1992,2025,301,DT_303Y005
월,1992.01,2025.12,301,DT_303Y006
분기,1992 1/4,2025 4/4,301,DT_303Y006
반기,1992 1/2,2025 2/2,301,DT_303Y006
년,1992,2025,301,DT_303Y006
분기,2018 1/4,2026 1/4,301,DT_282Y001
년,2018,2025,301,DT_282Y001
분기,2018 1/4,2026 1/4,301,DT_282Y002
년,2018,2025,301,DT_282Y002
분기,2018 1/4,2026 1/4,301,DT_282Y003
년,2018,2025,301,DT_282Y003
분기,2018 1/4,2026 1/4,301,DT_282Y004
년,2018,2025,301,DT_282Y004
분기,2018 1/4,2026 1/4,301,DT_282Y005
년,2018,2025,301,DT_282Y005
분기,2018 1/4,2026 1/4,301,DT_282Y006
년,2018,2025,301,DT_282Y006
월,2003.10,2026.06,301,DT_161Y017
분기,2003 4/4,2026 2/4,301,DT_161Y017
년,2003,2025,301,DT_161Y017
월,2003.10,2026.07,301,DT_161Y015
분기,2003 4/4,2026 2/4,301,DT_161Y015
년,2003,2025,301,DT_161Y015
월,2003.10,2026.07,301,DT_161Y016
분기,2003 4/4,2026 2/4,301,DT_161Y016
년,2003,2025,301,DT_161Y016
월,2003.10,2026.06,301,DT_172Y001
년,2003,2025,301,DT_172Y001
월,2003.10,2026.06,301,DT_172Y002
분기,2003 4/4,2026 2/4,301,DT_172Y002
년,2003,2025,301,DT_172Y002
월,1975.01,2026.06,301,DT_104Y009
분기,1975 1/4,2026 2/4,301,DT_104Y009
년,1975,2025,301,DT_104Y009
월,1960.01,2026.06,301,DT_104Y015
분기,1960 1/4,2026 2/4,301,DT_104Y015
년,1960,2025,301,DT_104Y015
월,1971.01,2026.06,301,DT_104Y008
분기,1971 1/4,2026 2/4,301,DT_104Y008
년,1971,2025,301,DT_104Y008
월,2002.01,2026.06,301,DT_104Y010
분기,1995 1/4,2026 2/4,301,DT_104Y010
년,1991,2025,301,DT_104Y010
월,2007.01,2026.06,301,DT_141Y004
분기,2007 1/4,2026 2/4,301,DT_141Y004
년,2007,2025,301,DT_141Y004
월,1995.12,2026.06,301,DT_141Y003
분기,1995 4/4,2026 2/4,301,DT_141Y003
년,1995,2025,301,DT_141Y003
월,1995.12,2026.06,301,DT_141Y002
분기,1995 4/4,2026 2/4,301,DT_141Y002
년,1995,2025,301,DT_141Y002
월,1992.09,2026.06,301,DT_104Y013
분기,1992 3/4,2026 2/4,301,DT_104Y013
년,1992,2025,301,DT_104Y013
월,1992.09,2026.06,301,DT_104Y014
분기,1992 4/4,2026 2/4,301,DT_104Y014
년,1993,2025,301,DT_104Y014
월,1960.01,2026.06,301,DT_104Y016
분기,1960 1/4,2026 2/4,301,DT_104Y016
년,1960,2025,301,DT_104Y016
월,1993.10,2026.06,301,DT_111Y007
분기,1993 4/4,2026 2/4,301,DT_111Y007
년,1993,2025,301,DT_111Y007
월,1993.10,2026.06,301,DT_111Y008
분기,1993 4/4,2026 2/4,301,DT_111Y008
년,1994,2025,301,DT_111Y008
월,1993.09,2026.06,301,DT_111Y009
분기,1993 3/4,2026 2/4,301,DT_111Y009
년,1993,2025,301,DT_111Y009
분기,2002 4/4,2026 2/4,301,DT_151Y001
년,2002,2025,301,DT_151Y001
분기,2002 4/4,2026 2/4,301,DT_151Y004
년,2002,2025,301,DT_151Y004
월,2007.12,2026.06,301,DT_151Y006
분기,2007 4/4,2026 2/4,301,DT_151Y006
년,2007,2025,301,DT_151Y006
월,2003.10,2026.06,301,DT_151Y003
분기,2003 4/4,2026 2/4,301,DT_151Y003
년,2003,2025,301,DT_151Y003
월,2003.10,2026.06,301,DT_151Y002
분기,2003 4/4,2026 2/4,301,DT_151Y002
년,2003,2025,301,DT_151Y002
월,2003.10,2026.06,301,DT_151Y005
분기,2003 4/4,2026 2/4,301,DT_151Y005
년,2003,2025,301,DT_151Y005
분기,2013 1/4,2026 2/4,301,DT_181Y001
년,2013,2025,301,DT_181Y001
분기,2013 1/4,2026 2/4,301,DT_181Y011
년,2013,2025,301,DT_181Y011
분기,2013 1/4,2026 2/4,301,DT_181Y002
년,2013,2025,301,DT_181Y002
분기,2013 1/4,2026 2/4,301,DT_181Y012
년,2013,2025,301,DT_181Y012
분기,2013 1/4,2026 2/4,301,DT_181Y013
년,2013,2025,301,DT_181Y013
분기,2013 1/4,2026 2/4,301,DT_181Y015
년,2013,2025,301,DT_181Y015
분기,2013 1/4,2026 2/4,301,DT_181Y016
년,2013,2025,301,DT_181Y016
분기,2013 1/4,2026 2/4,301,DT_181Y014
년,2013,2025,301,DT_181Y014
월,1990.12,2026.07,301,DT_121Y008
분기,1997 1/4,2026 2/4,301,DT_121Y008
년,1997,2025,301,DT_121Y008
월,2001.01,2026.07,301,DT_121Y010
분기,2001 4/4,2026 2/4,301,DT_121Y010
년,2002,2025,301,DT_121Y010
월,2009.12,2026.07,301,DT_121Y011
분기,2011 3/4,2026 2/4,301,DT_121Y011
년,2011,2025,301,DT_121Y011
월,1992.01,2026.07,301,DT_121Y007
분기,1992 1/4,2026 2/4,301,DT_121Y007
년,1992,2025,301,DT_121Y007
월,1997.08,2026.07,301,DT_121Y004
분기,1997 3/4,2026 2/4,301,DT_121Y004
년,1996,2025,301,DT_121Y004
분기,2010 1/4,2025 4/4,301,DT_304Y101
반기,2010 1/2,2025 2/2,301,DT_304Y101
년,2010,2025,301,DT_304Y101
분기,2010 1/4,2025 4/4,301,DT_304Y102
반기,2010 1/2,2025 2/2,301,DT_304Y102
년,2010,2025,301,DT_304Y102
분기,2010 1/4,2025 4/4,301,DT_304Y103
반기,2010 1/2,2025 2/2,301,DT_304Y103
년,2010,2025,301,DT_304Y103
분기,2010 1/4,2025 4/4,301,DT_304Y104
반기,2010 1/2,2025 2/2,301,DT_304Y104
년,2010,2025,301,DT_304Y104
분기,2010 1/4,2025 4/4,301,DT_304Y105
반기,2010 1/2,2025 2/2,301,DT_304Y105
년,2010,2025,301,DT_304Y105
분기,2010 1/4,2025 4/4,301,DT_304Y106
반기,2010 1/2,2025 2/2,301,DT_304Y106
년,2010,2025,301,DT_304Y106
분기,2010 1/4,2025 4/4,301,DT_304Y107
반기,2010 1/2,2025 2/2,301,DT_304Y107
년,2010,2025,301,DT_304Y107
월,2003.10,2026.06,301,DT_102Y003
년,2003,2025,301,DT_102Y003
월,2003.10,2026.07,301,DT_102Y001
분기,2003 4/4,2026 2/4,301,DT_102Y001
년,2003,2025,301,DT_102Y001
월,2003.10,2026.06,301,DT_102Y004
년,2003,2025,301,DT_102Y004
월,2003.10,2026.07,301,DT_102Y002
분기,2003 4/4,2026 2/4,301,DT_102Y002
년,2003,2025,301,DT_102Y002
월,2003.10,2026.06,301,DT_161Y003
분기,2026 1/4,2026 1/4,301,DT_161Y003
년,2003,2025,301,DT_161Y003
월,2003.10,2026.06,301,DT_161Y004
분기,2003 4/4,2026 2/4,301,DT_161Y004
년,2003,2025,301,DT_161Y004
월,2003.10,2026.06,301,DT_161Y001
분기,2026 1/4,2026 1/4,301,DT_161Y001
년,2003,2025,301,DT_161Y001
월,2003.10,2026.06,301,DT_161Y002
분기,2003 4/4,2026 2/4,301,DT_161Y002
년,2003,2025,301,DT_161Y002
월,2003.10,2026.06,301,DT_161Y007
분기,2026 1/4,2026 1/4,301,DT_161Y007
년,2003,2025,301,DT_161Y007
월,2003.10,2026.06,301,DT_161Y008
분기,2003 4/4,2026 2/4,301,DT_161Y008
년,2003,2025,301,DT_161Y008
월,2003.10,2026.06,301,DT_161Y005
분기,2026 1/4,2026 1/4,301,DT_161Y005
년,2003,2025,301,DT_161Y005
월,2003.10,2026.06,301,DT_161Y006
분기,2003 4/4,2026 2/4,301,DT_161Y006
년,2003,2025,301,DT_161Y006
월,2003.10,2026.06,301,DT_161Y011
분기,2026 1/4,2026 1/4,301,DT_161Y011
년,2003,2025,301,DT_161Y011
월,2003.10,2026.06,301,DT_161Y012
분기,2003 4/4,2026 2/4,301,DT_161Y012
년,2003,2025,301,DT_161Y012
월,2003.10,2026.06,301,DT_161Y009
분기,2026 1/4,2026 1/4,301,DT_161Y009
년,2003,2025,301,DT_161Y009
월,2003.10,2026.06,301,DT_161Y010
분기,2003 4/4,2026 2/4,301,DT_161Y010
년,2003,2025,301,DT_161Y010
월,2003.10,2026.06,301,DT_161Y014
분기,2003 4/4,2026 2/4,301,DT_161Y014
년,2003,2025,301,DT_161Y014
월,2003.10,2026.06,301,DT_161Y013
분기,2003 4/4,2026 2/4,301,DT_161Y013
년,2003,2025,301,DT_161Y013
월,2003.10,2026.06,301,DT_171Y001
년,2003,2025,301,DT_171Y001
월,2003.10,2026.06,301,DT_171Y002
분기,2003 4/4,2026 2/4,301,DT_171Y002
년,2003,2025,301,DT_171Y002
월,2003.10,2026.06,301,DT_171Y003
년,2003,2025,301,DT_171Y003
월,2003.10,2026.06,301,DT_171Y004
분기,2003 4/4,2026 2/4,301,DT_171Y004
년,2003,2025,301,DT_171Y004
월,2001.12,2004.09,301,DT_101Y011
분기,2001 4/4,2004 3/4,301,DT_101Y011
년,2001,2003,301,DT_101Y011
월,2001.12,2004.09,301,DT_101Y009
분기,2001 4/4,2004 3/4,301,DT_101Y009
년,2001,2003,301,DT_101Y009
월,2001.12,2004.09,301,DT_101Y010
분기,2001 4/4,2004 3/4,301,DT_101Y010
년,2001,2003,301,DT_101Y010
월,2001.12,2004.09,301,DT_112Y001
년,2001,2003,301,DT_112Y001
월,1995.01,2004.09,301,DT_112Y002
분기,1995 1/4,2004 3/4,301,DT_112Y002
년,1995,2003,301,DT_112Y002
분기,2008 1/4,2026 2/4,301,DT_131Y017
년,2008,2025,301,DT_131Y017
분기,2008 1/4,2026 2/4,301,DT_131Y016
년,2008,2025,301,DT_131Y016
분기,2021 1/4,2026 2/4,301,DT_131Y018
년,2021,2025,301,DT_131Y018
분기,2018 4/4,2026 2/4,301,DT_131Y010
년,2018,2025,301,DT_131Y010
분기,2001 4/4,2026 2/4,301,DT_131Y011
년,1998,2025,301,DT_131Y011
분기,2001 4/4,2026 2/4,301,DT_131Y013
년,1998,2025,301,DT_131Y013
분기,2007 3/4,2026 2/4,301,DT_132Y003
년,2007,2025,301,DT_132Y003
분기,2007 3/4,2026 2/4,301,DT_132Y001
년,2007,2025,301,DT_132Y001
분기,2008 1/4,2026 2/4,301,DT_131Y015
년,2008,2025,301,DT_131Y015
분기,2008 1/4,2026 2/4,301,DT_131Y014
년,2008,2025,301,DT_131Y014
월,2013.01,2026.06,301,DT_141Y010
분기,2013 1/4,2026 2/4,301,DT_141Y010
년,2013,2025,301,DT_141Y010
월,2004.09,2026.06,301,DT_141Y006
분기,2004 3/4,2026 2/4,301,DT_141Y006
년,2004,2025,301,DT_141Y006
월,2004.09,2026.06,301,DT_141Y007
분기,2004 3/4,2026 2/4,301,DT_141Y007
년,2004,2025,301,DT_141Y007
월,2004.09,2026.05,301,DT_141Y008
분기,2004 3/4,2026 1/4,301,DT_141Y008
년,2004,2025,301,DT_141Y008
월,2004.09,2026.05,301,DT_141Y009
분기,2004 3/4,2026 1/4,301,DT_141Y009
년,2004,2025,301,DT_141Y009
반기,2002 1/2,2025 2/2,301,DT_105Y001
월,1985.01,2026.06,301,DT_104Y017
분기,1985 1/4,2026 2/4,301,DT_104Y017
년,1985,2025,301,DT_104Y017
분기,2013 1/4,2026 2/4,301,DT_181Y003
년,2013,2025,301,DT_181Y003
분기,2013 1/4,2026 2/4,301,DT_181Y005
년,2013,2025,301,DT_181Y005
분기,2013 1/4,2026 2/4,301,DT_181Y007
년,2013,2025,301,DT_181Y007
분기,2013 1/4,2026 2/4,301,DT_181Y009
년,2013,2025,301,DT_181Y009
분기,2013 1/4,2026 2/4,301,DT_181Y004
년,2013,2025,301,DT_181Y004
분기,2013 1/4,2026 2/4,301,DT_181Y006
년,2013,2025,301,DT_181Y006
분기,2013 1/4,2026 2/4,301,DT_181Y008
년,2013,2025,301,DT_181Y008
분기,2013 1/4,2026 2/4,301,DT_181Y010
년,2013,2025,301,DT_181Y010
월,1996.01,2026.07,301,DT_121Y002
분기,1996 1/4,2026 2/4,301,DT_121Y002
년,1996,2025,301,DT_121Y002
월,1996.01,2026.07,301,DT_121Y013
분기,1996 1/4,2026 2/4,301,DT_121Y013
년,1996,2025,301,DT_121Y013
월,1996.01,2026.07,301,DT_121Y006
분기,1996 1/4,2026 2/4,301,DT_121Y006
년,1996,2025,301,DT_121Y006
월,1996.01,2026.07,301,DT_121Y015
분기,1996 1/4,2026 2/4,301,DT_121Y015
년,1996,2025,301,DT_121Y015
월,2001.12,2004.09,301,DT_102Y103
년,2002,2003,301,DT_102Y103
월,1960.01,2004.09,301,DT_102Y101
분기,1960 1/4,2004 3/4,301,DT_102Y101
년,1960,2003,301,DT_102Y101
월,2001.12,2004.09,301,DT_102Y104
년,2002,2003,301,DT_102Y104
월,1971.01,2004.09,301,DT_102Y102
분기,1971 1/4,2004 3/4,301,DT_102Y102
년,1971,2003,301,DT_102Y102
월,1970.01,2004.09,301,DT_101Y016
년,1970,2003,301,DT_101Y016
월,1960.01,2004.09,301,DT_101Y017
분기,1960 1/4,2004 3/4,301,DT_101Y017
년,1960,2003,301,DT_101Y017
월,1970.01,2004.09,301,DT_101Y018
년,1970,2003,301,DT_101Y018
월,1970.01,2004.09,301,DT_101Y019
분기,1970 1/4,2004 3/4,301,DT_101Y019
년,1970,2003,301,DT_101Y019
월,1970.01,2004.09,301,DT_101Y001
년,1970,2003,301,DT_101Y001
월,1960.01,2004.09,301,DT_101Y002
분기,1960 1/4,2004 3/4,301,DT_101Y002
년,1960,2003,301,DT_101Y002
월,1986.01,2004.09,301,DT_101Y003
년,1986,2003,301,DT_101Y003
월,1986.01,2004.09,301,DT_101Y004
분기,1986 1/4,2004 3/4,301,DT_101Y004
년,1986,2003,301,DT_101Y004
월,2001.12,2004.09,301,DT_101Y005
월,2001.12,2004.09,301,DT_101Y014
분기,2001 4/4,2004 3/4,301,DT_101Y014
년,2001,2003,301,DT_101Y014
월,2001.12,2004.09,301,DT_101Y006
월,2001.12,2004.09,301,DT_101Y015
분기,2002 1/4,2004 3/4,301,DT_101Y015
년,2002,2003,301,DT_101Y015
월,1960.01,2004.09,301,DT_101Y007
분기,1960 1/4,2004 3/4,301,DT_101Y007
년,1960,2003,301,DT_101Y007
월,1986.01,2004.09,301,DT_101Y008
분기,1986 1/4,2004 3/4,301,DT_101Y008
년,1986,2003,301,DT_101Y008
월,1986.01,2004.09,301,DT_111Y001
년,1986,2003,301,DT_111Y001
월,1980.01,2004.09,301,DT_111Y002
분기,1980 1/4,2004 3/4,301,DT_111Y002
년,1971,2003,301,DT_111Y002
월,1986.01,2004.09,301,DT_111Y003
년,1986,2003,301,DT_111Y003
월,1986.01,2004.09,301,DT_111Y004
분기,1986 1/4,2004 3/4,301,DT_111Y004
년,1986,2003,301,DT_111Y004
년,2018,2024,301,DT_284Y001
년,2018,2024,301,DT_284Y002
